Id,Date,Retweeted,Liked,Text,hashtags,url,expanded_url
838797393827139584,2017-03-06 17:04,1,2,"#BLOG: Ethisch geproduceerde #haarextensions  kunnen wel, maar duurzaam niet. Ook 2 eerlijke producenten! https://t.co/jNeaVA8YiW (2/2)","BLOG,haarextensions",https://t.co/jNeaVA8YiW,http://ow.ly/FUsd309Dwb0
838796998857879552,2017-03-06 17:02,1,1,N.a.v. het artikel ( https://t.co/KugPLxaZg6) over de onethische vergaring van menselijk haar voor o.a. haar extensions in China (1/2),,https://t.co/KugPLxaZg6,http://ow.ly/5GpP309DvVm
831588908160917505,2017-02-14 19:40,1,2,Leuke etui van gerecyclede autoband. De kleur van de rits kan je zelf kiezen; oranje of rood :) https://goo.gl/FLs1zu #recycled https://t.co/OdJDCf46Zt,recycled,https://goo.gl/FLs1zu,https://fairfrog.nl/#!/products/emax_domina/etui_van_autoband_-_torti/798/
830348229887852544,2017-02-11 09:30,1,1,Ook online: een hele collectie #biologische herenkleding; zoals deze verfijnde trui. Zakelijk &amp; vlot! https://goo.gl/GiuGJo https://t.co/lkD0Hrkv6n,biologische,https://goo.gl/GiuGJo,https://fairfrog.nl/#!/products/better_clothing/ecru_beige_trui_van_biologisch_katoen/1719/
826656411673362433,2017-02-01 05:00,1,1,Atlijd al willen weten wat de nummers in het #recycle icoontje op je plastic betekenen? Bekijk dit filmpje: https://t.co/ny0m4Ca1Zk,recycle,https://t.co/ny0m4Ca1Zk,http://ow.ly/52W3308xljd
825945416382431235,2017-01-30 05:55,1,2,Grappig filmpje over #duurzaamheid vanuit het perspectief van de producten https://t.co/qmbQd3ZePC #Sustainability #durability,"duurzaamheid,Sustainability,durability",https://t.co/qmbQd3ZePC,http://ow.ly/vNHY3088rBY
825718933554622465,2017-01-29 14:55,1,1,Deze #blog is het lezen waard - al is het al om de zonnige foto! 'De kunst van het #Zeefdrukken herontdekt' https://t.co/j3O64gKVCW,"blog,Zeefdrukken",https://t.co/j3O64gKVCW,http://ow.ly/YubD308dzgG
825713916936339457,2017-01-29 14:35,1,2,Est√°s un #viajero verdadero? Ben jij een echte #reiziger? https://goo.gl/JeVzco #musthave #backpack #rugtas #eerlijk #argentinie #duurzaam https://t.co/MeKOH8Rfoo,"viajero,reiziger,musthave,backpack,rugtas,eerlijk,argentinie,duurzaam",https://goo.gl/JeVzco,https://fairfrog.nl/#!/products/moxhi/viajero_blue/1377/
824331489139630082,2017-01-25 19:01,1,1,blog: wat we kunnen doen om deel uit te maken van het protest tegen de #koloniale en vervuilende keuze van Trump https://t.co/4UMbWequ8m,koloniale,https://t.co/4UMbWequ8m,http://ow.ly/VECO308lFDJ
824186340187193344,2017-01-25 09:25,1,1,Steviger ga je 'm niet vinden! #Rugtas die lang meegaat en dus erg # duurzaam :) https://goo.gl/yCo3qy #backpack #consuminderen #fair https://t.co/hT3aPilDD9,"Rugtas,backpack,consuminderen,fair",https://goo.gl/yCo3qy,https://fairfrog.nl/#!/products/emax_domina/rugtas_van_autoband_-_black_tiger/784/
822894097849610240,2017-01-21 19:50,1,1,Ken je ook iemand die weg is van de #computer en de techniek erachter? Geef haar/hem deze doos van #moederbord https://goo.gl/dSy5dY https://t.co/p72FlOdvdp,"computer,moederbord",https://goo.gl/dSy5dY,https://fairfrog.nl/#!/products/emax_domina/doosje_van_moederbord/719/
822746861228457984,2017-01-21 10:05,1,1,"Na de interessante weetjes, vandaag wat 'schokkende' weetjes over je water :) https://t.co/O1Nrpor0A8",,https://t.co/O1Nrpor0A8,http://ow.ly/35MG3088sis
819447606329962496,2017-01-12 07:35,1,0,"Vrolijke kapstok van gerecycled blik, laat de #lente maar komen! https://goo.gl/RhVkbf https://t.co/vHCoSHXtYL",lente,https://goo.gl/RhVkbf,https://fairfrog.nl/#!/products/emax_domina/kapstok_van_gerecycled_blik/690/
818860262182842368,2017-01-10 16:41,1,2,Hoe wordt #biologische kokosolie gemaakt? En wat kun je er allemaal mee doen? #DIY tips voor oa tandpasta! https://t.co/2WNlJwavEy https://t.co/VJwaytOKUu,"biologische,DIY",https://t.co/2WNlJwavEy,http://bit.ly/bio-kokosolie
817371253334044672,2017-01-06 14:04,1,1,Nelle is ook sentimenteel vandaag #wegroeien #eerlijkemode #makeachange #slowfashion #fairfashion https://t.co/5ALVa0z6T4,"wegroeien,eerlijkemode,makeachange,slowfashion,fairfashion",https://t.co/5ALVa0z6T4,https://twitter.com/nellekooren/status/817294886110171137
817370765867831296,2017-01-06 14:02,1,0,Kenden jullie deze al? ik (Nancy) nog niet maar ben blij m in mn leven te hebben mogen verwelkomen #sentimentelepost https://t.co/mXKqU5hRtE,sentimentelepost,,
812933450063867904,2016-12-25 08:10,1,2,Hele strakke #laptoptas van gerecyclede autobanden! en natuurijk #fairfashion hier bij FairFrog :) https://goo.gl/KnAnPx #HeelHollandFair https://t.co/eLfIXSTDJh,"laptoptas,fairfashion,HeelHollandFair",https://goo.gl/KnAnPx,https://fairfrog.nl/#!/products/emax_domina/laptoptas_van_autoband_panda/782/
812264010900996097,2016-12-23 11:50,1,0,Altijd leuk: de (h)erkenning tussen mede supporters van #eerlijk en #duurzaam üëå‚ôªüê∏ https://t.co/9TzQKBqe3T,"eerlijk,duurzaam",https://t.co/9TzQKBqe3T,https://twitter.com/GreenJumpNL/status/812226400283492352
811565712993087488,2016-12-21 13:35,1,1,"""A human can never have too many socks in the winter""- Nancy van FairFrog https://goo.gl/3r67Nx #wijzevrouw #alleenbijeenkoudewinter https://t.co/9AJ4NYCCkW","wijzevrouw,alleenbijeenkoudewinter",https://goo.gl/3r67Nx,https://fairfrog.nl/#!/products/geeskenvormgeving/handgebreide_sokken/121/
810581716490452992,2016-12-18 20:25,1,0,"(H)eerlijke #sloffen, gemaakt van restjes wol en textiel. In verschillende varianten verkrijgbaar https://goo.gl/tDxEUo #upcycling #reuse https://t.co/ZDwFTKUj9T","sloffen,upcycling,reuse",https://goo.gl/tDxEUo,https://fairfrog.nl/#!/products/geeskenvormgeving/handgebreide_sloffen_huissloffen_slippers/101/
810234424352735233,2016-12-17 21:25,1,0,Ga je straks ook de bloemetjes buiten zetten (in een bloempot van gerecyclede autoband)? #friyay #dadjoke https://goo.gl/imE6hu https://t.co/Teirbhv1dq,"friyay,dadjoke",https://goo.gl/imE6hu,https://fairfrog.nl/#!/products/emax_domina/bloempot_van_autoband_middel/709/
809155119166226432,2016-12-14 21:56,1,3,Truth :) #slowfashion #fairfashion #eerlijkekleding #eerlijkemode https://t.co/Kq3wYBGFal,"slowfashion,fairfashion,eerlijkekleding,eerlijkemode",,
807290030259630080,2016-12-09 18:25,1,0,Superfijne #plaid voor deze winter! 95% wol en #handgemaakt. Bekijk m hier https://goo.gl/Eyk2zB https://t.co/XHYqEl3FQH,"plaid,handgemaakt",https://goo.gl/Eyk2zB,https://fairfrog.nl/#!/products/geeskenvormgeving/gehaakte_plaid_granny_squares/105/
806583050666704896,2016-12-07 19:35,1,4,Volgen jullie FairFrog ook  al op instagram? https://t.co/EoxtVSY1ZX https://t.co/co1HLMZaVU,,https://t.co/EoxtVSY1ZX,http://www.instagram.com/fairfrog/
806522451253403653,2016-12-07 15:35,1,3,Een grappige quote breekt je week zo lekker ;-) #quotes #funny https://t.co/NjFookdX3j,"quotes,funny",,
806028424229883904,2016-12-06 06:52,1,0,#KinderChocola blijkt gebruik te maken van #kinderarbeid in Roemeni√´. Koop t liefst je choco fair v bijv @TonyChocolonely #NotSoKinderBueno,"KinderChocola,kinderarbeid,NotSoKinderBueno",,
803514026936434688,2016-11-29 08:20,1,1,Zij het direct of indirect; be the reason someone smiles today! #ComeTogether #ComeTogetherFairly https://t.co/azFxGo7Dam,"ComeTogether,ComeTogetherFairly",,
801393867857727488,2016-11-23 11:56,1,0,Volg ons op #instagram https://t.co/txdk8RQap0 https://t.co/GmhEx1tu0y,instagram,https://t.co/txdk8RQap0,https://www.instagram.com/p/BNJofv-ggjt/
801068102725287936,2016-11-22 14:21,1,0,#buyfair #fairtrade https://t.co/LGBsKJx8uc,"buyfair,fairtrade",,
791205289877987328,2016-10-26 09:10,1,0,Maar wat te doen met het bestaande netwerk? (Is ook de case waar Nancy aan werkt tijdens de #SBC2016NL  ) https://t.co/83oFrII0X9,SBC2016NL,https://t.co/83oFrII0X9,https://twitter.com/IkeTeuling/status/791202541119926272
791200951638056960,2016-10-26 08:53,1,2,Wij stemmen voor nog meer mensen die dit soort dingen in hun hoofd halen! #eerlijkemode https://t.co/XI9cEepCve,eerlijkemode,https://t.co/XI9cEepCve,https://twitter.com/MevrouwMiauw/status/790848870905421824
789129350738247680,2016-10-20 15:41,1,1,"Hebben jullie al een kijkje genomen naar de #fair, #veganistische en #duurzame schoenen op FairFrog?","fair,veganistische,duurzame",,
788784727700475904,2016-10-19 16:51,1,2,Koop je kleding dus #fair &amp; #sustainable :) https://t.co/uCrwostNe4,"fair,sustainable",,
786863597364346880,2016-10-14 09:37,1,2,"#Sustainability en #business zijn een verlengde van elkaar' aldus Marinus Den Harder, directeur #VolkerWessels bouw &amp; vastgoed  #SBC2016NL","Sustainability,business,VolkerWessels,SBC2016NL",,
785881549032058880,2016-10-11 16:35,1,0,Volgen jullie ons ook al op #Instagram? https://t.co/AOLPRxFVQ8 https://t.co/WRDyLpwL5m,Instagram,https://t.co/AOLPRxFVQ8,https://www.instagram.com/p/BLbaGhEAuRH/
779350932660293632,2016-09-23 16:05,1,1,5 goede filmpjes om mee te beginnen voor wie meer wil weten over #fairfashion! #ethicalfashion https://t.co/8HbmIHnHOi,"fairfashion,ethicalfashion",https://t.co/8HbmIHnHOi,https://twitter.com/greenblut_kris/status/779340871011565568
778588355437223936,2016-09-21 13:35,1,1,Gaan we koken of zelf verzorgingsproducten maken? Lees Nelle's nieuwste #blog! #duurzaam https://t.co/KiS76HB4kP https://t.co/RaDIEQTeJ8,"blog,duurzaam",https://t.co/KiS76HB4kP,http://bit.ly/2coA6oI
776022521439195136,2016-09-14 11:39,1,0,Hoe groen is FairFrog zelf eigenlijk? Nancy schreef er een blog over! https://t.co/BvIymds8kw https://t.co/ds4vsgPMAt,,https://t.co/BvIymds8kw,http://bit.ly/2cEaEL3
773927418121842688,2016-09-08 16:54,1,1,Leuk #bohemian vestje van #wol! #eerlijke #mode is nog nooit zo makkelijk te vinden  geweest! https://t.co/b2d4m1nz9H,"bohemian,wol,eerlijke,mode",,
773885451946033152,2016-09-08 14:07,1,0,De #baby is niet te koop maar de #romper wel! #gots gecertificeerde producten en #fairtrade bij Fair Frog! https://t.co/nnZSUcIga2,"baby,romper,gots,fairtrade",,
773514207551684608,2016-09-07 13:32,1,1,Ook de tassen van #Upcycled zijn te vinden op FairFrog; Moderne en unieke #tassen van gebruikte stoffen en leer! https://t.co/VuthYVHZei,"Upcycled,tassen",,
772090450073284608,2016-09-03 15:14,1,1,Iedereen zijn eigen manier om groen en goed te doen! https://t.co/cCH67YBxuJ,,https://t.co/cCH67YBxuJ,https://twitter.com/HermienBuis/status/771251906794532865
766635165649166337,2016-08-19 13:57,1,0,Hebben jullie de survey resultaten al bekeken op de blog? https://t.co/vUSic8Mszd #Duurzaam Consumeren https://t.co/QTieD8iKjF,Duurzaam,https://t.co/vUSic8Mszd,http://bit.ly/2bAnS9F
765618894518321152,2016-08-16 18:39,1,1,"Wat je al niet met champignons kunt doen! Lekker in de soep, fashionable als je handtasje! https://t.co/7wfIadavcp",,https://t.co/7wfIadavcp,https://www.youtube.com/watch?v=9xEJD7YesTY
761893846359965696,2016-08-06 11:57,1,0,Onderzoek van @rankabrand! #duurzaam https://t.co/Bz59Me51qP,duurzaam,https://t.co/Bz59Me51qP,https://twitter.com/Blycolin/status/761886278828879872
760801668967596032,2016-08-03 11:37,1,2,#fairfashion #ethicalfashion https://t.co/DoZsoHMsbL,"fairfashion,ethicalfashion",https://t.co/DoZsoHMsbL,https://twitter.com/BtreeClothing/status/760797429843234816
760538420011790336,2016-08-02 18:11,1,0,Slimme brievenbussen of af laten leveren in je geparkeerde auto? #webshops #duurzaam https://t.co/4WyHof2A7D,"webshops,duurzaam",https://t.co/4WyHof2A7D,https://twitter.com/DuurzaamBV/status/760531942932615168
758979253236998144,2016-07-29 10:55,1,0,Waarom Nancy blij wordt van @EcoverNL? Ze verteld erover op de blog: https://t.co/5si4VM1eCI https://t.co/voWmpmIN6R,,https://t.co/5si4VM1eCI,http://bit.ly/2akwNvf
758715544338100224,2016-07-28 17:27,1,0,Kunstwerk of lamp? Dit en meer interessante curiositeiten; lees de verhalen op onze #blog! https://t.co/nyHAik8LoA https://t.co/Q1ZcZHEFLu,blog,https://t.co/nyHAik8LoA,http://bit.ly/2aAIFJz
756431236910968833,2016-07-22 10:10,1,0,38000 Nederlandse #webwinkels bezorgen per fiets! #duurzaam https://t.co/rdXPHHFj1U,"webwinkels,duurzaam",https://t.co/rdXPHHFj1U,http://bit.ly/2ahIX82
755678324463206400,2016-07-20 08:18,1,1,Vind je #fairfashion duur? Bekijk dan onze uitverkoop tip op de blog! @ARMEDANGELS https://t.co/C0JwvORxYL https://t.co/FIljmVx8v6,fairfashion,https://t.co/C0JwvORxYL,http://bit.ly/29Uymkb
753553393940135936,2016-07-14 11:35,1,1,De struggles van een mooi bedrijf @moyeecoffee https://t.co/yUJdWuTSUQ,,https://t.co/yUJdWuTSUQ,https://twitter.com/oneworldnl/status/753550137050423296
752536056923381761,2016-07-11 16:12,1,1,"Shoppen voor een betere wereld? 5 tips van @lucysiegle Tip 1:""Will I wear it 30 times?"" https://t.co/NuMfcIgvgA",,https://t.co/NuMfcIgvgA,http://truecostmovie.com/learn-more/buying-better/
916338133951811584,2017-10-06 16:23,0,1,Dus: plant een boom naar aanleiding van dit Chinese spreekwoord! #PlantaTree https://t.co/gERi5WkTy9,PlantaTree,,
887332937993203712,2017-07-18 15:27,0,1,Yes! @BlogsFair is in de lucht! Kom je langs om inspirerende groene blogs te lezen? https://t.co/JFaga7yKI6 https://t.co/VGVpNKaERa,,https://t.co/JFaga7yKI6,https://fairblogs.nl/
882252960063000576,2017-07-04 15:01,0,0,Hoe leuk is deze multicolor rok van Hebe? #madeineurope Via @eileen4kids op FairFrog! https://t.co/Mo4PLKW3FE https://t.co/tycz2i3CUT,madeineurope,https://t.co/Mo4PLKW3FE,http://buff.ly/2tMX80C
872509707214311425,2017-06-07 17:44,0,0,"Hobbelpaard of krokodil nodig? Tweedehands houten speelgoed van super eerlijke, duurzame winkel @degrotewolf! https://t.co/ZRzitjvKtL https://t.co/8WxFM37PT7",,https://t.co/ZRzitjvKtL,http://bit.ly/2rBPCDR
867339901456588801,2017-05-24 11:22,0,2,"Wat gaaf, je kunt deze hippe tweetende boom volgen: @TreeWatchWUR https://t.co/eSwoheOR8j",,https://t.co/eSwoheOR8j,https://twitter.com/Marteke/status/867338518103830529
862721653708664832,2017-05-11 17:30,0,1,Wat vinden jullie van deze schattige #haarspeldjes uit India? Deels #Upcycled! https://goo.gl/wQhvFR #eerlijkemode #eerlijkeaccesoires https://t.co/bLZ0dzxJ64,"haarspeldjes,Upcycled,eerlijkemode,eerlijkeaccesoires",https://goo.gl/wQhvFR,https://fairfrog.nl/#!/products/emax_domina/haarspelden_van_krantenpapier/701/
836958010538872834,2017-03-01 15:15,0,0,PERSOONLIJKE #BLOG: wij waren aanwezig bij het event Selling for People Who Don't Like Sales van  @TheSchoolOfLife!  https://t.co/afH4tNAmo3 https://t.co/GiAHEUSrHe,BLOG,https://t.co/afH4tNAmo3,http://ow.ly/51oN309t4OS
831741110963822592,2017-02-15 05:45,0,0,GOTS gecertificeerde jurk van @wunderwerk_eco https://goo.gl/ygSv5D #tencel #eerlijkemode #fairfashion #GOTS #consubeteren https://t.co/wKf9jNs5cF,"tencel,eerlijkemode,fairfashion,GOTS,consubeteren",https://goo.gl/ygSv5D,https://fairfrog.nl/#!/products/ingar/zwarte_tencel_jurk/546/
831179940460711936,2017-02-13 16:35,0,0,Fijne oversized blouse van @KingsOfIndigo ; te dragen als tuniek en als vest/jasje! https://goo.gl/iHGv1V #biologischkatoen #fairtrade https://t.co/1PAjZKUasQ,"biologischkatoen,fairtrade",https://goo.gl/iHGv1V,https://fairfrog.nl/#!/products/sophie_stone/juliana_blouse/1729/
826657620241088513,2017-02-01 05:05,0,0,n.a.v. dit filmpje over t nr in t recycle icoon https://t.co/p2oTxpq9pC :welke plastics mogen wij in jullie bakken deponeren @plasticheroes?,,https://t.co/p2oTxpq9pC,http://ow.ly/cZPk308xlGJ
824011381288685570,2017-01-24 21:49,0,0,Kennen jullie @Ecosia al? Deze #zoekmachine spendeert 80% van hun winst aan het planten van bomen! 1/2,zoekmachine,,
823898237329403906,2017-01-24 14:20,0,1,Super leuke #colorblock jurk van @PeopleTree - ook nog eens in de #uitverkoop! https://goo.gl/uo7kYA #eerlijkemode #fair #HalloPlaneet https://t.co/lB99uKOg0L,"colorblock,uitverkoop,eerlijkemode,fair,HalloPlaneet",https://goo.gl/uo7kYA,https://fairfrog.nl/#!/products/sophie_stone/mignon_jurk/1597/
823777398864936961,2017-01-24 06:20,0,3,#Feedback tijd! Wie heeft er feedback voor ons? Mag allemaal tegelijk hoor! #socialenterprise #startup #fairfashion #consubeteren,"Feedback,socialenterprise,startup,fairfashion,consubeteren",,
823428861530689537,2017-01-23 07:15,0,0,N√≥g n t-shirt of drinkwater voor 900 dgn? Bewust consumeren maakt een verschil! Filmpje van @NatGeoNL  https://t.co/lf5kPrGBn3 #slowfashion,slowfashion,https://t.co/lf5kPrGBn3,http://ow.ly/KawQ3088ulx
823066452982906882,2017-01-22 07:15,0,1,"Ons doel is om d√© verzamelwebsite voor eerlijke&amp;duurzame producten te worden. Niet eindeloos veel tabs open, maar alles eerlijk op √©√©n site",,,
822332876792483840,2017-01-20 06:40,0,0,In twee minuten interessante #weetjes over iets wat we vaak als vanzelfsprekend zien: #Water! https://t.co/iK1y6ZuN5s,"weetjes,Water",https://t.co/iK1y6ZuN5s,http://ow.ly/tPPI3088s3G
821853262815100929,2017-01-18 22:54,0,0,#Klimaatsverandering is echt en is gaande. https://t.co/YqWiVcURLr,Klimaatsverandering,https://t.co/YqWiVcURLr,https://twitter.com/NASAGoddardPix/status/821784923635851268
821741438027386880,2017-01-18 15:30,0,0,"Vandaag op de blog: interview over verzorging #emancipatie en #duurzaamheid, wat hebben ze met elkaar te maken? https://t.co/YniNQTg4Fl https://t.co/0vkqBZxyrv","emancipatie,duurzaamheid",https://t.co/YniNQTg4Fl,http://bit.ly/emancipatieduurzaamheid
820205207871168513,2017-01-14 09:45,0,1,De teelt van #soja verwoest de #amazone. Moeten we daarom onze soja producten laten staan? @VDWVM schreef erover https://t.co/vhAOeMHmXD,"soja,amazone",https://t.co/vhAOeMHmXD,http://ow.ly/xBvd307ZSfY
795682999719383041,2016-11-07 17:43,0,0,#duurzaam #verhuizen is van je oude stellingkast een (inklapbare) #bag tafel maken! https://t.co/92R4Rp0yIF,"duurzaam,verhuizen,bag",,
790506901775720448,2016-10-24 10:55,0,3,"Mooi verhaal over een #duurzaam merk! Langzaam allemaal aan de #fairfashion: ""Het verandert langzaam onze kant op, echt waar!‚Äù https://t.co/upBmS3GKLG","duurzaam,fairfashion",https://t.co/upBmS3GKLG,https://twitter.com/Grensverleggrs/status/790496939414552576
772088403198349313,2016-09-03 15:06,0,3,Goede blog over moderne slavernij van @SustainableJunk! #slavery #chocolate https://t.co/dmCIiNkmbt,"slavery,chocolate",https://t.co/dmCIiNkmbt,https://twitter.com/SustainableJunk/status/771352784251850752
766636893979148289,2016-08-19 14:04,0,0,Awesome #quote! https://t.co/YAof3PBFmk,quote,https://t.co/YAof3PBFmk,https://twitter.com/PeopleTree/status/766636385642176512
766353490713178116,2016-08-18 19:18,0,0,Mascara kopen? 5 tips voor een #gezonde en #duurzame aankoop! #archief https://t.co/unQrBVGKfV,"gezonde,duurzame,archief",https://t.co/unQrBVGKfV,http://bit.ly/2apgY8U
763443459546025984,2016-08-10 18:34,0,0,Afrikaanse landen willen af van dump van tweedehandskleding #slowfashion #circulareconomy @SustainBrandsEs https://t.co/B8Gr2RjuEw,"slowfashion,circulareconomy",https://t.co/B8Gr2RjuEw,http://bit.ly/2aZFBY6
763058757437890560,2016-08-09 17:05,0,2,Uitverkoop is een lastig fenomeen als je wilt gaan voor #duurzaamheid en #fairfashion; leuke blog over afwegingen! https://t.co/7mIsPaykkT,"duurzaamheid,fairfashion",https://t.co/7mIsPaykkT,https://twitter.com/HermienBuis/status/763036610296446976
761856058818199552,2016-08-06 09:26,0,1,Waar let jij op bij het kopen van #mascara? @nellekooren vertelt waar zij op let! https://t.co/unQrBVGKfV https://t.co/CRjrF8RTIr,mascara,https://t.co/unQrBVGKfV,http://bit.ly/2apgY8U
761633789915361280,2016-08-05 18:43,0,0,Volgen jullie ons al op Facebook? Van harte welkom! Alvast bedankt voor je like! https://t.co/04OExciu1b,,https://t.co/04OExciu1b,https://www.facebook.com/fairfrog/
761506941264953344,2016-08-05 10:19,0,1,#fairfashion https://t.co/q3Wh0TaLpG,fairfashion,https://t.co/q3Wh0TaLpG,https://twitter.com/DuurzameTweets/status/761131430864883712
761165858416701441,2016-08-04 11:44,0,1,"#3 ""freeze your denim"" die had ik nog niet eerder gehoord, jullie? #fashion #sustainability https://t.co/XBY6qYHlfM","fashion,sustainability",https://t.co/XBY6qYHlfM,https://twitter.com/TillyButtons/status/760887202222075904
760540611351080960,2016-08-02 18:19,0,0,Niet ok dit :( #huisdieren #dierenwelzijn https://t.co/yRLLJ5Lwtg,"huisdieren,dierenwelzijn",https://t.co/yRLLJ5Lwtg,https://twitter.com/Dierbescherming/status/760528102518824960
759384233186033664,2016-07-30 13:44,0,0,Waar wil jij de foodtruck van de @VegaSlager graag tegenkomen? Graag eentje bij mij in de straat :). https://t.co/2RWIe8ciRp,,https://t.co/2RWIe8ciRp,https://twitter.com/VegaSlager/status/759014099166441472
759360875950120960,2016-07-30 12:11,0,1,Wat een mooi initiatief! #ciculair #circulareconomy https://t.co/vrZnKs9hOG,"ciculair,circulareconomy",https://t.co/vrZnKs9hOG,https://twitter.com/vanhulley/status/759317038972203008
758681607536578560,2016-07-28 15:12,0,0,Zijn dit robots of toch iets anders? Find out op onze blog! https://t.co/nyHAik8LoA https://t.co/67qzBrZiM1,,https://t.co/nyHAik8LoA,http://bit.ly/2aAIFJz
758657266623082500,2016-07-28 13:36,0,0,Daar word je toch blij van? :-) https://t.co/KnMGuyQvQC,,https://t.co/KnMGuyQvQC,https://twitter.com/Hadjar/status/758192121652404224
758592633149292544,2016-07-28 09:19,0,0,Top! Welke supermarkten volgen? https://t.co/VFyJVxhwJ4,,https://t.co/VFyJVxhwJ4,https://twitter.com/Benjijduurzaam/status/758588100578832384
757978690861076480,2016-07-26 16:39,0,0,"""Less pressure to tidy and clean your living space"", who doesn't need that? I know I do :D benefits of #minimalism https://t.co/9kFtBLPKLA",minimalism,https://t.co/9kFtBLPKLA,http://bit.ly/2aHNxMj
757977242731483137,2016-07-26 16:33,0,1,Simple &amp; to the point tips for a more sustainable wardrobe! https://t.co/qilXfFa1N2,,https://t.co/qilXfFa1N2,https://twitter.com/TaniaArrayales/status/756901756467089408
757573352961744896,2016-07-25 13:48,0,0,How detrimental to the environment is a business model where repairs are made so difficult? Go #circular! #nowaste https://t.co/y1m7N9ryVT,"circular,nowaste",https://t.co/y1m7N9ryVT,https://twitter.com/CtheLoop/status/757520853408083969
757238565143281664,2016-07-24 15:38,0,1,"En wat je kunt doen, bijvoorbeeld met een oceaan-vriendelijke garderobe: https://t.co/EAqFlVfn9f https://t.co/SFQfaGXdSc",,https://t.co/EAqFlVfn9f,http://bit.ly/1tguDVh
756805788560130052,2016-07-23 10:58,0,0,Feel the emotion and take action is what @cj_artist tells us! #plasticfreejuly #nowaste https://t.co/mC6uxSwfKZ,"plasticfreejuly,nowaste",https://t.co/mC6uxSwfKZ,https://twitter.com/Doutzen/status/124148429143281665
756777807146020864,2016-07-23 09:07,0,1,Voedselverspilling in het kort en wat we eraan kunnen doen! Via @Krommunity en @Food_Tank https://t.co/Nnk7QfL5Bq,,https://t.co/Nnk7QfL5Bq,https://www.youtube.com/watch?v=z1X-HWPbeD4
756197356857651200,2016-07-21 18:41,0,0,Onze uitverkoop tip op de blog al gezien? @ARMEDANGELS https://t.co/C0JwvORxYL https://t.co/yPIt0dz6K5,,https://t.co/C0JwvORxYL,http://bit.ly/29Uymkb
755385871466201089,2016-07-19 12:56,0,0,Hoe gaaf is dit?! https://t.co/0bGN6biVW8,,https://t.co/0bGN6biVW8,https://twitter.com/BioFutura/status/755337062497136640
754641452546813952,2016-07-17 11:38,0,0,Wat is nu echt #duurzaam? @oneworldnl analyseerde deze vraag voor de zonnebrillen van @meetdickmoby: https://t.co/31Pdaz8G5l,duurzaam,https://t.co/31Pdaz8G5l,http://bit.ly/29EcBH1
753977544614043648,2016-07-15 15:40,0,0,"Op welke keurmerken letten jullie in de supermarkt? Wij zijn #nieuwsgierig, laat een tweetje achter, thanks! :-) https://t.co/JdcSDG4Yxm",nieuwsgierig,https://t.co/JdcSDG4Yxm,https://twitter.com/oneworldnl/status/753927156569440256
753556809609310209,2016-07-14 11:48,0,0,"Hoe duurzaam zijn onze geeltjes, joetjes, meiers en ruggen eigenlijk? Goed op weg of kan beter? @DNB_NL @DuurzaamBV https://t.co/Y9feFkn3ul",,https://t.co/Y9feFkn3ul,http://www.duurzaambedrijfsleven.nl/finance/16245/dnb-100-procent-duurzaam-katoen-voor-bankbiljetten
752919327754584064,2016-07-12 17:35,0,0,Het ene plastic is het andere niet: https://t.co/70WIM8zpcf,,https://t.co/70WIM8zpcf,http://www.womenshealthmag.nl/Health/plastic-codes-ongezond
752471969463930880,2016-07-11 11:57,0,0,"Ethical shopping question 1: ""Do I really need it?"" https://t.co/EkMQhwH5lt",,https://t.co/EkMQhwH5lt,http://thenotepasser.com/blog/2013/9/24/shopping-ethically-an-infographic
752177582796308481,2016-07-10 16:28,0,0,"""The California pipevine swallowtail butterfly is a wonder to behold."" Inspirerend verhaal over vlinders redden...
https://t.co/qJdNEOwg3S",,https://t.co/qJdNEOwg3S,http://www.vox.com/2016/7/6/12098122/california-pipevine-swallowtail-butterfly-population
756805788560130052,2016-07-23 10:58,0,0,Feel the emotion and take action is what @cj_artist tells us! #plasticfreejuly #nowaste https://t.co/mC6uxSwfKZ,"plasticfreejuly,nowaste",https://t.co/mC6uxSwfKZ,https://twitter.com/Doutzen/status/124148429143281665
756777807146020864,2016-07-23 09:07,0,1,Voedselverspilling in het kort en wat we eraan kunnen doen! Via @Krommunity en @Food_Tank https://t.co/Nnk7QfL5Bq,,https://t.co/Nnk7QfL5Bq,https://www.youtube.com/watch?v=z1X-HWPbeD4
756197356857651200,2016-07-21 18:41,0,0,Onze uitverkoop tip op de blog al gezien? @ARMEDANGELS https://t.co/C0JwvORxYL https://t.co/yPIt0dz6K5,,https://t.co/C0JwvORxYL,http://bit.ly/29Uymkb
755385871466201089,2016-07-19 12:56,0,0,Hoe gaaf is dit?! https://t.co/0bGN6biVW8,,https://t.co/0bGN6biVW8,https://twitter.com/BioFutura/status/755337062497136640
754641452546813952,2016-07-17 11:38,0,0,Wat is nu echt #duurzaam? @oneworldnl analyseerde deze vraag voor de zonnebrillen van @meetdickmoby: https://t.co/31Pdaz8G5l,duurzaam,https://t.co/31Pdaz8G5l,http://bit.ly/29EcBH1
753977544614043648,2016-07-15 15:40,0,0,"Op welke keurmerken letten jullie in de supermarkt? Wij zijn #nieuwsgierig, laat een tweetje achter, thanks! :-) https://t.co/JdcSDG4Yxm",nieuwsgierig,https://t.co/JdcSDG4Yxm,https://twitter.com/oneworldnl/status/753927156569440256
753556809609310209,2016-07-14 11:48,0,0,"Hoe duurzaam zijn onze geeltjes, joetjes, meiers en ruggen eigenlijk? Goed op weg of kan beter? @DNB_NL @DuurzaamBV https://t.co/Y9feFkn3ul",,https://t.co/Y9feFkn3ul,http://www.duurzaambedrijfsleven.nl/finance/16245/dnb-100-procent-duurzaam-katoen-voor-bankbiljetten
752919327754584064,2016-07-12 17:35,0,0,Het ene plastic is het andere niet: https://t.co/70WIM8zpcf,,https://t.co/70WIM8zpcf,http://www.womenshealthmag.nl/Health/plastic-codes-ongezond
752471969463930880,2016-07-11 11:57,0,0,"Ethical shopping question 1: ""Do I really need it?"" https://t.co/EkMQhwH5lt",,https://t.co/EkMQhwH5lt,http://thenotepasser.com/blog/2013/9/24/shopping-ethically-an-infographic
752177582796308481,2016-07-10 16:28,0,0,"""The California pipevine swallowtail butterfly is a wonder to behold."" Inspirerend verhaal over vlinders redden...
https://t.co/qJdNEOwg3S",,https://t.co/qJdNEOwg3S,http://www.vox.com/2016/7/6/12098122/california-pipevine-swallowtail-butterfly-population
